Question,Round,Genre ,Gender,Single
 Ass or Tits? #,1,Question,male,
 who has the best ass in the room? #,2,Question,,
 Circumcised or uncircumcised? #,2,Question,female,
 Out of people in the game whoâ€™s toe would you want to put up your nose the most #?,1,Question,,
 Condoms for rest of your life or be on birth meds for rest of life #?,1,Question,female,
 If you had to fuck a fruit which one and why #?,1,Question,,
 # Would you rather have only anal vaginal or oral sex for the rest of your life?,1,Question,,
 Drink # if you have ever been woken up by oral sex or woken your partner up with oral sex?,2,Question,,
 Read # out the first message that appears when you search  on your phone?,1,Question,,
 Would # you rather your partners boobs be too big too small?,3,Question,,
 Would # you rather your partners penis be too big or too small?,3,Question,,
 Choose # one person other than your partner to sleep with.,3,Question,,
 Choose one person in the room to sleep with #.,3,Question,,
 # You must work as a pornstar for a year under one of these categories: A sub in Hardcore BDSM Bukakee Glory Hole sucker Reviewer of dragon dildos,2,Question,,
 # You may add one inch to your penis but lose one inch in height how many inches do you sacrifice?,2,Question,male,
 # You may add one inch to your penis but lose one inch in height how many inches do you sacrifice?,3,Question,,
 #; if you to sleep with one animated character who would it be?,1,Question,,
 #; If you could turn your significant other into any other ethnicity which would it be and why?,3,Question,,couple
 which ethnicity would you want your significant other to be #?,3,Question,,single
 #; If you had to fuck a pokemon which would it be and why?,2,Question,,
